{
    "cou": 0.1588769543056997,
    "poignet_epaule": 0.5373082495145213,
    "inter_epaules": 0.3885124263440386,
    "inter_aisselles": 0.4880789281325944,
    "epaule_cou": 0.15262668618163064,
    "epaule_hanche": 0.5659500764827381,
    "hauteur_cou": 0.6506824783021748,
    "hauteur_aisselle": 0.466327641066858,
    "tour_de_taille": 0,
    "tour_de_buste": 0,
    "taille": 0
}